SET SQL_MODE="NO_AUTO_VALUE_ON_ZERO";


TRUNCATE TABLE `division_mst`;
INSERT INTO `division_mst` (`division_code`, `division_name`, `created_date`, `created_user`, `last_update_date`, `last_update_user`) VALUES
(11, '北海道', '2009-09-13 20:41:56', 'lee', '2009-09-13 20:41:56', 'lee'),
(12, '青森県', '2009-09-13 20:41:56', 'lee', '2009-09-13 20:41:56', 'lee'),
(13, '岩手県', '2009-09-13 20:41:56', 'lee', '2009-09-13 20:41:56', 'lee'),
(14, '宮城県', '2009-09-13 20:41:56', 'lee', '2009-09-13 20:41:56', 'lee'),
(15, '秋田県', '2009-09-13 20:41:56', 'lee', '2009-09-13 20:41:56', 'lee'),
(16, '山形県', '2009-09-13 20:41:56', 'lee', '2009-09-13 20:41:56', 'lee'),
(17, '福島県', '2009-09-13 20:41:56', 'lee', '2009-09-13 20:41:56', 'lee'),
(18, '茨城県', '2009-09-13 20:41:56', 'lee', '2009-09-13 20:41:56', 'lee'),
(19, '栃木県', '2009-09-13 20:41:56', 'lee', '2009-09-13 20:41:56', 'lee'),
(20, '群馬県', '2009-09-13 20:41:56', 'lee', '2009-09-13 20:41:56', 'lee'),
(21, '埼玉県', '2009-09-13 20:41:56', 'lee', '2009-09-13 20:41:56', 'lee'),
(22, '千葉県', '2009-09-13 20:41:56', 'lee', '2009-09-13 20:41:56', 'lee'),
(23, '東京都', '2009-09-13 20:41:56', 'lee', '2009-09-13 20:41:56', 'lee'),
(24, '神奈川県', '2009-09-13 20:41:56', 'lee', '2009-09-13 20:41:56', 'lee'),
(25, '新潟県', '2009-09-13 20:41:57', 'lee', '2009-09-13 20:41:57', 'lee'),
(26, '富山県', '2009-09-13 20:41:57', 'lee', '2009-09-13 20:41:57', 'lee'),
(27, '石川県', '2009-09-13 20:41:57', 'lee', '2009-09-13 20:41:57', 'lee'),
(28, '福井県', '2009-09-13 20:41:57', 'lee', '2009-09-13 20:41:57', 'lee'),
(29, '山梨県', '2009-09-13 20:41:57', 'lee', '2009-09-13 20:41:57', 'lee'),
(30, '長野県', '2009-09-13 20:41:57', 'lee', '2009-09-13 20:41:57', 'lee'),
(31, '岐阜県', '2009-09-13 20:41:57', 'lee', '2009-09-13 20:41:57', 'lee'),
(32, '静岡県', '2009-09-13 20:41:57', 'lee', '2009-09-13 20:41:57', 'lee'),
(33, '愛知県', '2009-09-13 20:41:57', 'lee', '2009-09-13 20:41:57', 'lee'),
(34, '三重県', '2009-09-13 20:41:57', 'lee', '2009-09-13 20:41:57', 'lee'),
(35, '滋賀県', '2009-09-13 20:41:57', 'lee', '2009-09-13 20:41:57', 'lee'),
(36, '京都府', '2009-09-13 20:41:57', 'lee', '2009-09-13 20:41:57', 'lee'),
(37, '大阪府', '2009-09-13 20:41:57', 'lee', '2009-09-13 20:41:57', 'lee'),
(38, '兵庫県', '2009-09-13 20:41:57', 'lee', '2009-09-13 20:41:57', 'lee'),
(39, '奈良県', '2009-09-13 20:41:57', 'lee', '2009-09-13 20:41:57', 'lee'),
(40, '和歌山県', '2009-09-13 20:41:57', 'lee', '2009-09-13 20:41:57', 'lee'),
(41, '鳥取県', '2009-09-13 20:41:57', 'lee', '2009-09-13 20:41:57', 'lee'),
(42, '島根県', '2009-09-13 20:41:58', 'lee', '2009-09-13 20:41:58', 'lee'),
(43, '岡山県', '2009-09-13 20:41:58', 'lee', '2009-09-13 20:41:58', 'lee'),
(44, '広島県', '2009-09-13 20:41:58', 'lee', '2009-09-13 20:41:58', 'lee'),
(45, '山口県', '2009-09-13 20:41:58', 'lee', '2009-09-13 20:41:58', 'lee'),
(46, '徳島県', '2009-09-13 20:41:58', 'lee', '2009-09-13 20:41:58', 'lee'),
(47, '香川県', '2009-09-13 20:41:58', 'lee', '2009-09-13 20:41:58', 'lee'),
(48, '愛媛県', '2009-09-13 20:41:58', 'lee', '2009-09-13 20:41:58', 'lee'),
(49, '高知県', '2009-09-13 20:41:58', 'lee', '2009-09-13 20:41:58', 'lee'),
(50, '福岡県', '2009-09-13 20:41:58', 'lee', '2009-09-13 20:41:58', 'lee'),
(51, '佐賀県', '2009-09-13 20:41:58', 'lee', '2009-09-13 20:41:58', 'lee'),
(52, '長崎県', '2009-09-13 20:41:58', 'lee', '2009-09-13 20:41:58', 'lee'),
(53, '熊本県', '2009-09-13 20:41:58', 'lee', '2009-09-13 20:41:58', 'lee'),
(54, '大分県', '2009-09-13 20:41:58', 'lee', '2009-09-13 20:41:58', 'lee'),
(55, '宮崎県', '2009-09-13 20:41:58', 'lee', '2009-09-13 20:41:58', 'lee'),
(56, '鹿児島県', '2009-09-13 20:41:58', 'lee', '2009-09-13 20:41:58', 'lee'),
(57, '沖縄県', '2009-09-13 20:41:58', 'lee', '2009-09-13 20:41:58', 'lee'),
(58, '海外', '2009-09-13 20:41:58', 'lee', '2009-09-13 20:41:58', 'lee');



TRUNCATE TABLE `inquiry_kind_mst`;
INSERT INTO `inquiry_kind_mst` (`inquiry_kind_code`, `inquiry_kind_name`, `created_date`, `created_user`, `last_update_date`, `last_update_user`) VALUES
(1, '会員登録について', '2009-09-16 16:32:35', 'lee', '2009-09-16 16:32:38', 'lee'),
(2, '友達紹介について', '2009-09-16 16:33:01', 'lee', '2009-09-16 16:33:04', 'lee'),
(3, 'ポイントチャージについて', '2009-09-16 16:33:01', 'lee', '2009-09-16 16:33:01', 'lee'),
(4, 'サービスポイントについて', '2009-09-16 16:37:01', 'lee', '2009-09-16 16:37:04', 'lee'),
(5, 'ゲーム内アイテムについて', '2009-09-16 16:52:41', 'lee', '2009-09-16 16:52:41', 'lee'),
(6, 'イベント・キャンペーンについて', '2009-09-16 16:52:41', 'lee', '2009-09-16 16:52:41', 'lee'),
(7, 'ＩＤ紛失・盗用について', '2009-09-16 16:37:01', 'lee', '2009-09-16 16:37:01', 'lee'),
(8, '不正・迷惑ユーザの報告', '2009-09-16 16:56:39', 'lee', '2009-09-16 16:56:42', 'lee'),
(9, 'バグ・不具合の報告', '2009-09-16 16:39:11', 'lee', '2009-09-16 16:39:13', 'lee'),
(10, 'その他', '2009-09-16 16:39:11', 'lee', '2009-09-16 16:39:11', 'lee');



TRUNCATE TABLE `occupation_mst`;
INSERT INTO `occupation_mst` (`occup_code`, `occup_name`, `created_date`, `created_user`, `last_update_date`, `last_update_user`) VALUES
(11, '会社員', '2009-09-13 20:47:36', 'lee', '2009-09-13 20:47:36', 'lee'),
(12, '会社経営', '2009-09-13 20:47:36', 'lee', '2009-09-13 20:47:36', 'lee'),
(13, '公務員', '2009-09-13 20:47:36', 'lee', '2009-09-13 20:47:36', 'lee'),
(14, '自営業', '2009-09-13 20:47:36', 'lee', '2009-09-13 20:47:36', 'lee'),
(15, '専門職', '2009-09-13 20:47:36', 'lee', '2009-09-13 20:47:36', 'lee'),
(16, 'アルバイト', '2009-09-13 20:47:36', 'lee', '2009-09-13 20:47:36', 'lee'),
(17, '主婦', '2009-09-13 20:47:36', 'lee', '2009-09-13 20:47:36', 'lee'),
(18, '大学生/短大生', '2009-09-13 20:47:36', 'lee', '2009-09-13 20:47:36', 'lee'),
(19, '専門学校生', '2009-09-13 20:47:36', 'lee', '2009-09-13 20:47:36', 'lee'),
(20, '高校生', '2009-09-13 20:47:36', 'lee', '2009-09-13 20:47:36', 'lee'),
(21, '中学生', '2009-09-13 20:47:36', 'lee', '2009-09-13 20:47:36', 'lee'),
(22, '小学生以下', '2009-09-13 20:47:37', 'lee', '2009-09-13 20:47:37', 'lee'),
(23, 'その他学生', '2009-09-13 20:47:37', 'lee', '2009-09-13 20:47:37', 'lee'),
(24, 'その他', '2009-09-13 20:47:37', 'lee', '2009-09-13 20:47:37', 'lee');



TRUNCATE TABLE `question_mst`;
INSERT INTO `question_mst` (`question_code`, `question_name`, `created_date`, `created_user`, `last_update_date`, `last_update_user`) VALUES
(1, '好きな食べ物は？', '2009-09-13 10:53:15', 'lee', '2009-09-13 10:53:15', 'lee'),
(2, '旅行で行きたい国は？', '2009-09-13 10:53:15', 'lee', '2009-09-13 10:53:15', 'lee'),
(3, 'お母さんの旧姓は？', '2009-09-13 10:54:25', 'lee', '2009-09-13 10:54:25', 'lee'),
(4, 'もっとも使っているニュースサイトは？', '2009-09-13 10:54:25', 'lee', '2009-09-13 10:54:25', 'lee'),
(5, 'もっとも面白かった映画は？', '2009-09-13 10:55:04', 'lee', '2009-09-13 10:55:04', 'lee'),
(6, '好きな車の車種は？', '2009-09-13 10:54:25', 'lee', '2009-09-13 10:54:25', 'lee'),
(7, '将来の夢は？', '2009-09-13 10:54:25', 'lee', '2009-09-13 10:54:25', 'lee'),
(8, '卒業した小学校の名前は？', '2009-09-13 10:55:04', 'lee', '2009-09-13 10:55:04', 'lee');


TRUNCATE TABLE `server_mst`;
INSERT INTO `server_mst` (`server_id`, `title_id`, `server_name`, `service_start_date`, `service_end_date`, `service_status`, `server_domain`, `play_url`, `charge_url`, `order_num`, `players_num`, `popularity_flag`, `recommend_flag`, `created_date`, `created_user`, `last_update_date`, `last_update_user`) VALUES
(1, 1, 'レジェンド', '2009-11-01 11:00:00', '2020-12-31 11:00:00', '0', 'g01.legion.game-if.com', 'http://g01.legion.game-if.com/index.htm', 'http://g01.legion.game-if.com/module/pay.asp', 1, 0, '2', '1', '2009-11-01 11:00:00', 'lee', '2009-11-01 11:00:00', 'lee');


TRUNCATE TABLE `title_mst`;
INSERT INTO `title_mst` (`title_id`, `title_name`, `title_about`, `service_start_date`, `service_end_date`, `service_status`, `recruit_status`, `site_url`, `news_url`, `forum_url`, `payment_url`, `big_icon_url`, `small_icon_url`, `order_num`, `players_num`, `announce`, `created_date`, `created_user`, `last_update_date`, `last_update_user`) VALUES
(1, 'レジオン -創世伝説-', 'ネットブック、Macでも快適にプレイできる本格ＳＲＰＧブラウザゲーム。', '2009-11-01 11:00:00', '2020-12-31 11:00:00', '1', '0', 'http://legion.game-if.com/', 'http://legion.game-if.com/info/', 'http://forum.game-if.com/', 'https://www.game-if.com/chargePointSelect.html?titleId=1&serverId=1', 'images/game/icon/cs_big.gif', 'images/game/icon/cs_small.gif', 1, 0, '[ 11月17日11:00～11月23月15:00 ]　クローズドβテスター募集！', '2009-11-01 11:00:00', 'lee', '2009-11-01 11:00:00', 'lee');

TRUNCATE TABLE `invite_template_mst`;
INSERT INTO `invite_template_mst` (`invite_template_id`, `title_id`, `invite_template_subject`, `invite_template_msg`, `created_date`, `created_user`, `last_update_date`, `last_update_user`) VALUES
(1, 1, 'レジオンをやってみましょうか？', 'ブラウザゲーム「レジオン -創世伝説-」を一緒にプレイしてみましょうか？', '2009-10-13 10:53:15', 'chou', '2009-10-13 10:53:15', 'chou'),
(2, 1, '新しいブラウザゲームを見つけた', '「レジオン -創世伝説-」というブラウザゲームがそろそろサービス開始なんだけど、一緒にプレイしてみましょうか？', '2009-10-13 10:53:15', 'chou', '2009-10-13 10:53:15', 'chou');

TRUNCATE TABLE `service_point_type_mst`;
INSERT INTO `service_point_type_mst` (`service_point_type_id`, `service_point_type_code`,`point_amount`,`standard_level`,`remarks`,`created_date`,`created_user`, `last_update_date`,`last_update_user`) VALUES
(1, '1', 100, 5, '', '2009-10-27 10:53:15', 'chou', '2009-10-27 10:53:15', 'chou'),
(2, '1', 205, 10, '', '2009-10-27 10:53:15', 'chou', '2009-10-27 10:53:15', 'chou'),
(3, '1', 410, 20, '', '2009-10-27 10:53:15', 'chou', '2009-10-27 10:53:15', 'chou'),
(4, '1', 820, 30, '', '2009-10-27 10:53:15', 'chou', '2009-10-27 10:53:15', 'chou'),
(6, '2', 3, 3000, '', '2009-10-27 10:53:15', 'chou', '2009-10-27 10:53:15', 'chou'),
(7, '2', 5, 5000, '', '2009-10-27 10:53:15', 'chou', '2009-10-27 10:53:15', 'chou'),
(8, '2', 10, 10000, '', '2009-10-27 10:53:15', 'chou', '2009-10-27 10:53:15', 'chou'),
(9, '2', 15, 30000, '', '2009-10-27 10:53:15', 'chou', '2009-10-27 10:53:15', 'chou'),
(10, '2', 20, 50000, '', '2009-10-27 10:53:15', 'chou', '2009-10-27 10:53:15', 'chou'),
(11, '2', 30, 100000, '', '2009-10-27 10:53:15', 'chou', '2009-10-27 10:53:15', 'chou'),
(12, '2', 40, 300000, '', '2009-10-27 10:53:15', 'chou', '2009-10-27 10:53:15', 'chou'),
(13, '2', 50, 500000, '', '2009-10-27 10:53:15', 'chou', '2009-10-27 10:53:15', 'chou');

TRUNCATE TABLE `point_mst`;
INSERT INTO `point_mst` (`point_id`,`title_id`,`server_id`,`point_name`,`point_start_date`,`point_end_date`,`point_status`,`point_amount`,`point_amount_act`,`created_date`,`created_user`, `last_update_date`,`last_update_user`) VALUES
(1, 1, 1, '   500 ポイント　　　【     500 円 】', '2009-10-10 12:30:21', '2015-10-10 12:30:21', '0', 500, 500, '2009-10-10 12:30:21', 'chou', '2009-10-10 12:30:21', 'chou'),
(2, 1, 1, ' 1,000 ポイント　　  【   1,000 円 】', '2009-10-10 12:30:21', '2015-10-10 12:30:21', '0', 1000, 1000, '2009-10-10 12:30:21', 'chou', '2009-10-10 12:30:21', 'chou'),
(3, 1, 1, ' 3,000 ポイント　　  【   3,000 円 】', '2009-10-10 12:30:21', '2015-10-10 12:30:21', '0', 3000, 3000, '2009-10-10 12:30:21', 'chou', '2009-10-10 12:30:21', 'chou'),
(4, 1, 1, ' 5,000 ポイント　　  【   5,000 円 】', '2009-10-10 12:30:21', '2015-10-10 12:30:21', '0', 5000, 5000, '2009-10-10 12:30:21', 'chou', '2009-10-10 12:30:21', 'chou'),
(5, 1, 1, '10,000 ポイント　　  【  10,000 円 】', '2009-10-10 12:30:21', '2015-10-10 12:30:21', '0', 10000, 10000, '2009-10-10 12:30:21', 'chou', '2009-10-10 12:30:21', 'chou');

TRUNCATE TABLE `settlement_mst`;
INSERT INTO `settlement_mst` (`settlement_code`,`settlement_name`,`icon_url`,`settlement_status`,`created_date`,`created_user`, `last_update_date`,`last_update_user`) VALUES
('bitcash', 'bitcash', 'images/charge_bitcash_small.gif', '1', '2009-10-10 12:30:21', 'chou', '2009-10-10 12:30:21', 'chou'),
('credit3d', 'credit3d', 'images/charge_credit.gif', '1', '2009-10-10 12:30:21', 'chou', '2009-10-10 12:30:21', 'chou'),
('cyberedy', 'cyberedy', 'images/charge_edy_small.gif', '1', '2009-10-10 12:30:21', 'chou', '2009-10-10 12:30:21', 'chou'),
('mobileedy', 'mobileedy', 'images/charge_edy_mobile_small.gif', '1', '2009-10-10 12:30:21', 'chou', '2009-10-10 12:30:21', 'chou'),
('netcash', 'netcash', 'images/charge_netcash_small.gif', '1', '2009-10-10 12:30:21', 'chou', '2009-10-10 12:30:21', 'chou'),
('webmoney', 'webmoney', 'images/charge_webmoney_small.gif', '1', '2009-10-10 12:30:21', 'chou', '2009-10-10 12:30:21', 'chou');

TRUNCATE TABLE `member_info`;
INSERT INTO `member_info` (`mem_num`, `mem_id`, `nick_name`, `mem_pwd`, `mem_kind_cd`, `mem_atbt_cd`, `mem_valid_yn_cd`, `question_cd`, `answer`, `mail_pc`, `mail_mobile`, `kanji_fname`, `kanji_lname`, `kana_fname`, `kana_lname`, `sex_cd`, `birth_ymd`, `divis_cd`, `occup_cd`, `city_name`, `building_name`, `tel_num`, `mailmag_req_cd`, `mailmag_obj_cd`, `note`, `entry_date`, `entry_ip`, `withdraw_date`, `withdraw_ip`, `last_update_date`, `last_update_ip`, `last_update_user`, `version_no`) VALUES
(0, 'Anonymous', 'Anonymous', 'nopass', '0', '1', '1', 1, 'nopass', 'nomail@nomail', NULL, NULL, NULL, NULL, NULL, NULL, NULL, NULL, NULL, NULL, NULL, NULL, '1', '1', NULL, '2009-11-01 10:00:00', '127.0.0.1', NULL, NULL, '2009-11-01 10:00:00', '127.0.0.1', '1', 1),
(1, 'Nologin', 'Nologin', 'nopass', '0', '1', '1', 1, 'nopass', 'nomail@nomail', NULL, NULL, NULL, NULL, NULL, NULL, NULL, NULL, NULL, NULL, NULL, NULL, '1', '1', NULL, '2009-11-01 10:00:00', '127.0.0.1', NULL, NULL, '2009-11-01 10:00:00', '127.0.0.1', '1', 1),
(2, 'Admin', 'Admin', 'nopass', '0', '1', '1', 1, 'nopass', 'nomail@nomail', NULL, NULL, NULL, NULL, NULL, NULL, NULL, NULL, NULL, NULL, NULL, NULL, '1', '1', NULL, '2009-11-01 10:00:00', '127.0.0.1', NULL, NULL, '2009-11-01 10:00:00', '127.0.0.1', '1', 1);

TRUNCATE TABLE `function_mst`;
INSERT INTO `function_mst` (`function_code`,`function_name`,`order_num`,`remarks`,`created_date`,`created_user`, `last_update_date`,`last_update_user`) VALUES
('100', '会員管理', 1, '', '2009-10-10 12:30:21', 'chou', '2009-10-10 12:30:21', 'chou'),
('200', '問合せ管理', 2, '', '2009-10-10 12:30:21', 'chou', '2009-10-10 12:30:21', 'chou'),
('300', '友達紹介管理', 3, '', '2009-10-10 12:30:21', 'chou', '2009-10-10 12:30:21', 'chou'),
('400', 'キャンペーン管理', 4, '', '2009-10-10 12:30:21', 'chou', '2009-10-10 12:30:21', 'chou'),
('500', 'サービスポイント管理', 5, '', '2009-10-10 12:30:21', 'chou', '2009-10-10 12:30:21', 'chou'),
('600', '売上げ集計', 6, '', '2009-10-10 12:30:21', 'chou', '2009-10-10 12:30:21', 'chou');

TRUNCATE TABLE `media_kind_mst`;
INSERT INTO `media_kind_mst` (`media_kind_num`, `media_kind_name`, `created_date`, `created_user`, `last_update_date`, `last_update_user`) VALUES
(1, 'ゲーム', '2009-11-06 15:47:36', 'chou', '2009-11-06 15:47:36', 'chou'),
(2, 'ＳＮＳ', '2009-11-06 15:47:36', 'chou', '2009-11-06 15:47:36', 'chou'),
(3, '動画', '2009-11-06 15:47:36', 'chou', '2009-11-06 15:47:36', 'chou'),
(4, 'アニメ', '2009-11-06 15:47:36', 'chou', '2009-11-06 15:47:36', 'chou'),
(5, 'ＩＴ情報', '2009-11-06 15:47:36', 'chou', '2009-11-06 15:47:36', 'chou'),
(6, '総合情報', '2009-11-06 15:47:36', 'chou', '2009-11-06 15:47:36', 'chou'),
(7, '検索', '2009-11-06 15:47:36', 'chou', '2009-11-06 15:47:36', 'chou'),
(8, 'その他', '2009-11-06 15:47:36', 'chou', '2009-11-06 15:47:36', 'chou');

TRUNCATE TABLE `media_mst`;
INSERT INTO `media_mst` (`media_num`, `media_name`, `media_kind_num`, `manager_type`, `created_date`, `created_user`, `last_update_date`, `last_update_user`) VALUES
(1, 'Google', 7, '1', '2009-11-06 15:47:36', 'chou', '2009-11-06 15:47:36', 'chou'),
(2, 'Yahoo!', 6, '1', '2009-11-06 15:47:36', 'chou', '2009-11-06 15:47:36', 'chou'),
(3, '4Gamer.net', 1, '1', '2009-11-06 15:47:36', 'chou', '2009-11-06 15:47:36', 'chou'),
(4, 'OnlineGamer', 1, '1', '2009-11-06 15:47:36', 'chou', '2009-11-06 15:47:36', 'chou'),
(5, 'OnlineGameZoom', 1, '1', '2009-11-06 15:47:36', 'chou', '2009-11-06 15:47:36', 'chou');

TRUNCATE TABLE `advert_agency_mst`;
INSERT INTO `advert_agency_mst` (`advert_agency_num`, `advert_agency_name`, `advert_agency_type`, `created_date`, `created_user`, `last_update_date`, `last_update_user`) VALUES
(0, 'ゲームイフ・検証', '0', '2009-11-17 11:00:00', 'lee', '2009-11-17 11:00:00', 'lee'),
(1, '直接媒体・広告代理店無し', '1', '2009-11-17 11:00:00', 'lee', '2009-11-17 11:00:00', 'lee'),
(2, 'チャネリング・株式会社ゲームイフ', '2', '2009-11-17 11:00:00', 'lee', '2009-11-17 11:00:00', 'lee'),
(3, 'アクセストレード・株式会社インタースペース', '3', '2009-11-17 11:00:00', 'chou', '2009-11-17 11:00:00', 'chou');


TRUNCATE TABLE `advert_mst`;
INSERT INTO `advert_mst` (`advert_num`, `advert_name`, `advert_agency_num`, `media_num`, `pay_kind`, `advert_budget`, `advert_actual`, `start_date`, `end_date`, `title_id`, `remarks`, `created_date`, `created_user`, `last_update_date`, `last_update_user`) VALUES
(100, 'ゲームイフ・検証', 0, 0, 0, 0, NULL, '2009-11-17 11:00:00', '2020-12-31 11:00:00', 1, '', '2009-11-17 11:00:00', 'lee', '2009-11-17 11:00:00', 'lee'),
(101, 'アクセストレード・アフィリエイト', 3, 0, 48, 800000, NULL, '2009-11-17 11:00:00', '2020-12-31 11:00:00', 1, '', '2009-11-17 11:00:00', 'chou', '2009-11-17 11:00:00', 'chou'),
(102, 'Google・アドウェア', 1, 1, 4, 100000, NULL, '2009-11-17 11:00:00', '2020-12-31 11:00:00', 1, '', '2009-11-17 11:00:00', 'chou', '2009-11-17 11:00:00', 'chou'),
(103, 'Yahoo!・オーバーチュア', 1, 2, 4, 100000, NULL, '2009-11-06 15:47:36', '2010-11-06 15:47:36', 1, '', '2009-11-06 15:47:36', 'chou', '2009-11-06 15:47:36', 'chou'),
(104, 'OnlineGamer・CBT募集', 1, 4, 0, 0, NULL, '2009-11-06 15:47:36', '2010-11-06 15:47:36', 1, '', '2009-11-06 15:47:36', 'chou', '2009-11-06 15:47:36', 'chou'),
(105, 'OnlineGameZoom・CBT募集', 1, 5, 0, 0, NULL, '2009-11-06 15:47:36', '2010-11-06 15:47:36', 1, '', '2009-11-06 15:47:36', 'chou', '2009-11-06 15:47:36', 'chou'),
(106, '4Gamer・CBT募集', 1, 3, 0, 0, NULL, '2009-11-06 15:47:36', '2010-11-06 15:47:36', 1, '', '2009-11-06 15:47:36', 'chou', '2009-11-06 15:47:36', 'chou'),
(107, 'OnlineGameZoom・12月期間保証', 1, 5, 1, 0, NULL, '2009-12-01 00:00:00', '2009-12-31 23:59:59', 1, '', '2009-11-25 15:47:36', 'chou', '2009-11-25 15:47:36', 'lee'),
(108, 'Facebook広告', 1, 6, 4, 150000, NULL, '2009-12-18 22:11:48', '2010-01-18 22:11:48', 1, NULL, '2009-12-18 22:13:01', 'lee', '2009-12-18 22:13:01', 'lee');


TRUNCATE TABLE `maintenance_info`;
INSERT INTO `maintenance_info` (`function_code`, `mainten_status`) VALUES
('20', '0'),
('30', '0'),
('40', '0'),
('43', '0');

TRUNCATE TABLE `ticket_mst`;
INSERT INTO `ticket_mst` (`ticket_id`, `ticket_name`, `ticket_type_cd`, `ticket_model_id`, `delay_days`, `valid_days`, `title_id`, `icon_url`, `created_date`, `created_user`, `last_update_date`, `last_update_user`) VALUES
(1, '軍団長ランキング', 1, 1, 0, 60, 1, 'images/game/icon/cs_small.gif', '2009-12-17 11:00:00', 'chou', '2009-12-17 11:00:00', 'chou'),
(2, '信仰ランキング', 1, 1, 0, 60, 1, 'images/game/icon/cs_small.gif', '2009-12-17 11:00:00', 'chou', '2009-12-17 11:00:00', 'chou'),
(3, 'ギルドランキング', 1, 1, 0, 60, 1, 'images/game/icon/cs_small.gif', '2009-12-17 11:00:00', 'chou', '2009-12-17 11:00:00', 'chou'),
(4, '城ランキング', 1, 1, 0, 60, 1, 'images/game/icon/cs_small.gif', '2009-12-17 11:00:00', 'chou', '2009-12-17 11:00:00', 'chou'),
(5, '金貨ランキング', 1, 1, 0, 60, 1, 'images/game/icon/cs_small.gif', '2009-12-17 11:00:00', 'chou', '2009-12-17 11:00:00', 'chou'),
(6, '攻撃ランキング', 1, 1, 0, 60, 1, 'images/game/icon/cs_small.gif', '2009-12-17 11:00:00', 'chou', '2009-12-17 11:00:00', 'chou'),
(7, '防御ランキング', 1, 1, 0, 60, 1, 'images/game/icon/cs_small.gif', '2009-12-17 11:00:00', 'chou', '2009-12-17 11:00:00', 'chou'),
(8, '魔法ランキング', 1, 1, 0, 60, 1, 'images/game/icon/cs_small.gif', '2009-12-17 11:00:00', 'chou', '2009-12-17 11:00:00', 'chou'),
(9, '知恵ランキング', 1, 1, 0, 60, 1, 'images/game/icon/cs_small.gif', '2009-12-17 11:00:00', 'chou', '2009-12-17 11:00:00', 'chou');

TRUNCATE TABLE `ticket_model_mst`;
INSERT INTO `ticket_model_mst` (`model_id`, `limit_point_lower`, `limit_point_upper`, `model_name`, `created_date`, `created_user`, `last_update_date`, `last_update_user`) VALUES
(1, 0, 80, 'low', '2009-12-17 11:00:00', 'chou', '2009-12-17 11:00:00', 'chou'),
(1, 80, 150, 'middle', '2009-12-17 11:00:00', 'chou', '2009-12-17 11:00:00', 'chou'),
(1, 150, 10000, 'high', '2009-12-17 11:00:00', 'chou', '2009-12-17 11:00:00', 'chou');

TRUNCATE TABLE `ticket_model_detail`;
INSERT INTO `ticket_model_detail` (`model_detail_id`, `model_id`, `limit_point_lower`, `limit_point_upper`, `person_count`, `person_count_lower`, `person_count_upper`, `prize_point`,`created_date`, `created_user`, `last_update_date`, `last_update_user`) VALUES
(1, 1, 0, 80, 100, 0, 100, 10, '2009-12-17 11:00:00', 'chou', '2009-12-17 11:00:00', 'chou'),
(2, 1, 0, 80, 100, 100, 200, 20, '2009-12-17 11:00:00', 'chou', '2009-12-17 11:00:00', 'chou'),
(3, 1, 0, 80, 100, 200, 300, 50, '2009-12-17 11:00:00', 'chou', '2009-12-17 11:00:00', 'chou'),
(4, 1, 0, 80, 400, 300, 700, 100, '2009-12-17 11:00:00', 'chou', '2009-12-17 11:00:00', 'chou'),
(5, 1, 0, 80, 100, 700, 800, 500, '2009-12-17 11:00:00', 'chou', '2009-12-17 11:00:00', 'chou'),
(6, 1, 0, 80, 5, 800, 805, 1000, '2009-12-17 11:00:00', 'chou', '2009-12-17 11:00:00', 'chou'),
(7, 1, 0, 80, 2, 805, 807, 5000, '2009-12-17 11:00:00', 'chou', '2009-12-17 11:00:00', 'chou'),
(8, 1, 0, 80, 1, 807, 808, 10000, '2009-12-17 11:00:00', 'chou', '2009-12-17 11:00:00', 'chou'),
(9, 1, 80, 150, 250, 0, 250, 10, '2009-12-17 11:00:00', 'chou', '2009-12-17 11:00:00', 'chou'),
(10, 1, 80, 150, 300, 250, 550, 20, '2009-12-17 11:00:00', 'chou', '2009-12-17 11:00:00', 'chou'),
(11, 1, 80, 150, 350, 550, 900, 50, '2009-12-17 11:00:00', 'chou', '2009-12-17 11:00:00', 'chou'),
(12, 1, 80, 150, 400, 900, 1300, 100, '2009-12-17 11:00:00', 'chou', '2009-12-17 11:00:00', 'chou'),
(13, 1, 80, 150, 100, 1300, 1400, 500, '2009-12-17 11:00:00', 'chou', '2009-12-17 11:00:00', 'chou'),
(14, 1, 80, 150, 5, 1400, 1405, 1000, '2009-12-17 11:00:00', 'chou', '2009-12-17 11:00:00', 'chou'),
(15, 1, 80, 150, 2, 1405, 1407, 5000, '2009-12-17 11:00:00', 'chou', '2009-12-17 11:00:00', 'chou'),
(16, 1, 80, 150, 1, 1407, 1408, 10000, '2009-12-17 11:00:00', 'chou', '2009-12-17 11:00:00', 'chou'),
(17, 1, 150, 10000, 300, 0, 300, 10, '2009-12-17 11:00:00', 'chou', '2009-12-17 11:00:00', 'chou'),
(18, 1, 150, 10000, 300, 300, 600, 20, '2009-12-17 11:00:00', 'chou', '2009-12-17 11:00:00', 'chou'),
(19, 1, 150, 10000, 400, 600, 1000, 50, '2009-12-17 11:00:00', 'chou', '2009-12-17 11:00:00', 'chou'),
(20, 1, 150, 10000, 200, 1000, 1200, 100, '2009-12-17 11:00:00', 'chou', '2009-12-17 11:00:00', 'chou'),
(21, 1, 150, 10000, 50, 1200, 1250, 500, '2009-12-17 11:00:00', 'chou', '2009-12-17 11:00:00', 'chou'),
(22, 1, 150, 10000, 5, 1250, 1255, 1000, '2009-12-17 11:00:00', 'chou', '2009-12-17 11:00:00', 'chou'),
(23, 1, 150, 10000, 2, 1255, 1257, 5000, '2009-12-17 11:00:00', 'chou', '2009-12-17 11:00:00', 'chou');
