SET SQL_MODE="NO_AUTO_VALUE_ON_ZERO";


TRUNCATE TABLE `division_mst`;
INSERT INTO `division_mst` (`division_code`, `division_name`, `created_date`, `created_user`, `last_update_date`, `last_update_user`) VALUES
(11, '北海道', '2009-09-13 20:41:56', 'lee', '2009-09-13 20:41:56', 'lee'),
(12, '青森県', '2009-09-13 20:41:56', 'lee', '2009-09-13 20:41:56', 'lee'),
(13, '岩手県', '2009-09-13 20:41:56', 'lee', '2009-09-13 20:41:56', 'lee'),
(14, '宮城県', '2009-09-13 20:41:56', 'lee', '2009-09-13 20:41:56', 'lee'),
(15, '秋田県', '2009-09-13 20:41:56', 'lee', '2009-09-13 20:41:56', 'lee'),
(16, '山形県', '2009-09-13 20:41:56', 'lee', '2009-09-13 20:41:56', 'lee'),
(17, '福島県', '2009-09-13 20:41:56', 'lee', '2009-09-13 20:41:56', 'lee'),
(18, '茨城県', '2009-09-13 20:41:56', 'lee', '2009-09-13 20:41:56', 'lee'),
(19, '栃木県', '2009-09-13 20:41:56', 'lee', '2009-09-13 20:41:56', 'lee'),
(20, '群馬県', '2009-09-13 20:41:56', 'lee', '2009-09-13 20:41:56', 'lee'),
(21, '埼玉県', '2009-09-13 20:41:56', 'lee', '2009-09-13 20:41:56', 'lee'),
(22, '千葉県', '2009-09-13 20:41:56', 'lee', '2009-09-13 20:41:56', 'lee'),
(23, '東京都', '2009-09-13 20:41:56', 'lee', '2009-09-13 20:41:56', 'lee'),
(24, '神奈川県', '2009-09-13 20:41:56', 'lee', '2009-09-13 20:41:56', 'lee'),
(25, '新潟県', '2009-09-13 20:41:57', 'lee', '2009-09-13 20:41:57', 'lee'),
(26, '富山県', '2009-09-13 20:41:57', 'lee', '2009-09-13 20:41:57', 'lee'),
(27, '石川県', '2009-09-13 20:41:57', 'lee', '2009-09-13 20:41:57', 'lee'),
(28, '福井県', '2009-09-13 20:41:57', 'lee', '2009-09-13 20:41:57', 'lee'),
(29, '山梨県', '2009-09-13 20:41:57', 'lee', '2009-09-13 20:41:57', 'lee'),
(30, '長野県', '2009-09-13 20:41:57', 'lee', '2009-09-13 20:41:57', 'lee'),
(31, '岐阜県', '2009-09-13 20:41:57', 'lee', '2009-09-13 20:41:57', 'lee'),
(32, '静岡県', '2009-09-13 20:41:57', 'lee', '2009-09-13 20:41:57', 'lee'),
(33, '愛知県', '2009-09-13 20:41:57', 'lee', '2009-09-13 20:41:57', 'lee'),
(34, '三重県', '2009-09-13 20:41:57', 'lee', '2009-09-13 20:41:57', 'lee'),
(35, '滋賀県', '2009-09-13 20:41:57', 'lee', '2009-09-13 20:41:57', 'lee'),
(36, '京都府', '2009-09-13 20:41:57', 'lee', '2009-09-13 20:41:57', 'lee'),
(37, '大阪府', '2009-09-13 20:41:57', 'lee', '2009-09-13 20:41:57', 'lee'),
(38, '兵庫県', '2009-09-13 20:41:57', 'lee', '2009-09-13 20:41:57', 'lee'),
(39, '奈良県', '2009-09-13 20:41:57', 'lee', '2009-09-13 20:41:57', 'lee'),
(40, '和歌山県', '2009-09-13 20:41:57', 'lee', '2009-09-13 20:41:57', 'lee'),
(41, '鳥取県', '2009-09-13 20:41:57', 'lee', '2009-09-13 20:41:57', 'lee'),
(42, '島根県', '2009-09-13 20:41:58', 'lee', '2009-09-13 20:41:58', 'lee'),
(43, '岡山県', '2009-09-13 20:41:58', 'lee', '2009-09-13 20:41:58', 'lee'),
(44, '広島県', '2009-09-13 20:41:58', 'lee', '2009-09-13 20:41:58', 'lee'),
(45, '山口県', '2009-09-13 20:41:58', 'lee', '2009-09-13 20:41:58', 'lee'),
(46, '徳島県', '2009-09-13 20:41:58', 'lee', '2009-09-13 20:41:58', 'lee'),
(47, '香川県', '2009-09-13 20:41:58', 'lee', '2009-09-13 20:41:58', 'lee'),
(48, '愛媛県', '2009-09-13 20:41:58', 'lee', '2009-09-13 20:41:58', 'lee'),
(49, '高知県', '2009-09-13 20:41:58', 'lee', '2009-09-13 20:41:58', 'lee'),
(50, '福岡県', '2009-09-13 20:41:58', 'lee', '2009-09-13 20:41:58', 'lee'),
(51, '佐賀県', '2009-09-13 20:41:58', 'lee', '2009-09-13 20:41:58', 'lee'),
(52, '長崎県', '2009-09-13 20:41:58', 'lee', '2009-09-13 20:41:58', 'lee'),
(53, '熊本県', '2009-09-13 20:41:58', 'lee', '2009-09-13 20:41:58', 'lee'),
(54, '大分県', '2009-09-13 20:41:58', 'lee', '2009-09-13 20:41:58', 'lee'),
(55, '宮崎県', '2009-09-13 20:41:58', 'lee', '2009-09-13 20:41:58', 'lee'),
(56, '鹿児島県', '2009-09-13 20:41:58', 'lee', '2009-09-13 20:41:58', 'lee'),
(57, '沖縄県', '2009-09-13 20:41:58', 'lee', '2009-09-13 20:41:58', 'lee'),
(58, '海外', '2009-09-13 20:41:58', 'lee', '2009-09-13 20:41:58', 'lee');



TRUNCATE TABLE `inquiry_kind_mst`;
INSERT INTO `inquiry_kind_mst` (`inquiry_kind_code`, `inquiry_kind_name`, `created_date`, `created_user`, `last_update_date`, `last_update_user`) VALUES
(1, '会員登録について', '2009-09-16 16:32:35', 'lee', '2009-09-16 16:32:38', 'lee'),
(2, '友達紹介について', '2009-09-16 16:33:01', 'lee', '2009-09-16 16:33:04', 'lee'),
(3, 'ポイントチャージについて', '2009-09-16 16:33:01', 'lee', '2009-09-16 16:33:01', 'lee'),
(4, 'サービスポイントについて', '2009-09-16 16:37:01', 'lee', '2009-09-16 16:37:04', 'lee'),
(5, 'ゲーム内アイテムについて', '2009-09-16 16:52:41', 'lee', '2009-09-16 16:52:41', 'lee'),
(6, 'イベント・キャンペーンについて', '2009-09-16 16:52:41', 'lee', '2009-09-16 16:52:41', 'lee'),
(7, 'ＩＤ紛失・盗用について', '2009-09-16 16:37:01', 'lee', '2009-09-16 16:37:01', 'lee'),
(8, '不正・迷惑ユーザの報告', '2009-09-16 16:56:39', 'lee', '2009-09-16 16:56:42', 'lee'),
(9, 'バグ・不具合の報告', '2009-09-16 16:39:11', 'lee', '2009-09-16 16:39:13', 'lee'),
(10, 'その他', '2009-09-16 16:39:11', 'lee', '2009-09-16 16:39:11', 'lee');



TRUNCATE TABLE `occupation_mst`;
INSERT INTO `occupation_mst` (`occup_code`, `occup_name`, `created_date`, `created_user`, `last_update_date`, `last_update_user`) VALUES
(11, '会社員', '2009-09-13 20:47:36', 'lee', '2009-09-13 20:47:36', 'lee'),
(12, '会社経営', '2009-09-13 20:47:36', 'lee', '2009-09-13 20:47:36', 'lee'),
(13, '公務員', '2009-09-13 20:47:36', 'lee', '2009-09-13 20:47:36', 'lee'),
(14, '自営業', '2009-09-13 20:47:36', 'lee', '2009-09-13 20:47:36', 'lee'),
(15, '専門職', '2009-09-13 20:47:36', 'lee', '2009-09-13 20:47:36', 'lee'),
(16, 'アルバイト', '2009-09-13 20:47:36', 'lee', '2009-09-13 20:47:36', 'lee'),
(17, '主婦', '2009-09-13 20:47:36', 'lee', '2009-09-13 20:47:36', 'lee'),
(18, '大学生/短大生', '2009-09-13 20:47:36', 'lee', '2009-09-13 20:47:36', 'lee'),
(19, '専門学校生', '2009-09-13 20:47:36', 'lee', '2009-09-13 20:47:36', 'lee'),
(20, '高校生', '2009-09-13 20:47:36', 'lee', '2009-09-13 20:47:36', 'lee'),
(21, '中学生', '2009-09-13 20:47:36', 'lee', '2009-09-13 20:47:36', 'lee'),
(22, '小学生以下', '2009-09-13 20:47:37', 'lee', '2009-09-13 20:47:37', 'lee'),
(23, 'その他学生', '2009-09-13 20:47:37', 'lee', '2009-09-13 20:47:37', 'lee'),
(24, 'その他', '2009-09-13 20:47:37', 'lee', '2009-09-13 20:47:37', 'lee');



TRUNCATE TABLE `question_mst`;
INSERT INTO `question_mst` (`question_code`, `question_name`, `created_date`, `created_user`, `last_update_date`, `last_update_user`) VALUES
(1, '好きな食べ物は？', '2009-09-13 10:53:15', 'lee', '2009-09-13 10:53:15', 'lee'),
(2, '旅行で行きたい国は？', '2009-09-13 10:53:15', 'lee', '2009-09-13 10:53:15', 'lee'),
(3, 'お母さんの旧姓は？', '2009-09-13 10:54:25', 'lee', '2009-09-13 10:54:25', 'lee'),
(4, 'もっとも使っているニュースサイトは？', '2009-09-13 10:54:25', 'lee', '2009-09-13 10:54:25', 'lee'),
(5, 'もっとも面白かった映画は？', '2009-09-13 10:55:04', 'lee', '2009-09-13 10:55:04', 'lee');


TRUNCATE TABLE `server_mst`;
INSERT INTO `server_mst` (`server_id`, `title_id`, `server_name`, `service_start_date`, `service_end_date`, `service_status`, `server_domain`, `play_url`, `charge_url`, `order_num`, `players_num`, `popularity_flag`, `recommend_flag`, `created_date`, `created_user`, `last_update_date`, `last_update_user`) VALUES
(1, 1, 'マジックゲート', '2009-09-01 01:56:59', '2015-12-31 01:57:02', '0', 'jpcscs.game-if.jp', 'http://jpcscs.game-if.jp/index.htm', 'http://jpcscs.game-if.jp/module/pay.asp', 1, 53546, '2', '1', '2009-09-16 01:59:20', 'lee', '2009-09-16 01:59:23', 'lee');


TRUNCATE TABLE `title_mst`;
INSERT INTO `title_mst` (`title_id`, `title_name`, `title_about`, `service_start_date`, `service_end_date`, `service_status`, `recruit_status`, `site_url`, `news_url`, `forum_url`, `payment_url`, `big_icon_url`, `small_icon_url`, `order_num`, `players_num`, `announce`, `created_date`, `created_user`, `last_update_date`, `last_update_user`) VALUES
(1, '創世伝説', 'ネットブック、ＭＡＣでも快適にプレイできる本格ＳＲＰＧブラウザゲーム。', '2009-09-01 01:51:53', '2014-12-31 01:51:59', '1', '0', 'http://cs.game-if.com', 'http://info.game-if.com/cs', 'http://forum.game-if.com/cs', 'http://www.game-if.com/pointCharge.html?title=1&server=1', 'images/game/icon/cs_big.gif', 'images/game/icon/cs_small.gif', 1, 53145, '友達紹介でサービスポイント獲得！', '2009-09-16 01:55:25', 'lee', '2009-09-16 01:55:28', 'lee');

TRUNCATE TABLE `invite_template_mst`;
INSERT INTO `invite_template_mst` (`invite_template_id`, `title_id`, `invite_template_subject`, `invite_template_msg`, `created_date`, `created_user`, `last_update_date`, `last_update_user`) VALUES
(1, 1, 'CBT募集について', '「クローズドβテスト」テスターを募集致しまして、一緒に参加しましょう！おもしろいよ～', '2009-10-13 10:53:15', 'chou', '2009-10-13 10:53:15', 'chou'),
(2, 1, '友達招待キャンペーンについて', 'ただいま、「友達招待キャンペーン」を実施致します。プレイしたことのない友達に招待して、サービスポイントを受け取ることができます。一緒にやろうよ！', '2009-10-13 10:53:15', 'chou', '2009-10-13 10:53:15', 'chou');

TRUNCATE TABLE `service_point_type_mst`;
INSERT INTO `service_point_type_mst` (`service_point_type_id`, `service_point_type_code`,`point_amount`,`standard_level`,`remarks`,`created_date`,`created_user`, `last_update_date`,`last_update_user`) VALUES
(1, '1', 100, 5, '', '2009-10-27 10:53:15', 'chou', '2009-10-27 10:53:15', 'chou'),
(2, '1', 205, 10, '', '2009-10-27 10:53:15', 'chou', '2009-10-27 10:53:15', 'chou'),
(3, '1', 410, 20, '', '2009-10-27 10:53:15', 'chou', '2009-10-27 10:53:15', 'chou'),
(4, '1', 820, 30, '', '2009-10-27 10:53:15', 'chou', '2009-10-27 10:53:15', 'chou'),
(6, '2', 3, 3000, '', '2009-10-27 10:53:15', 'chou', '2009-10-27 10:53:15', 'chou'),
(7, '2', 5, 5000, '', '2009-10-27 10:53:15', 'chou', '2009-10-27 10:53:15', 'chou'),
(8, '2', 10, 10000, '', '2009-10-27 10:53:15', 'chou', '2009-10-27 10:53:15', 'chou'),
(9, '2', 15, 30000, '', '2009-10-27 10:53:15', 'chou', '2009-10-27 10:53:15', 'chou'),
(10, '2', 20, 50000, '', '2009-10-27 10:53:15', 'chou', '2009-10-27 10:53:15', 'chou'),
(11, '2', 30, 100000, '', '2009-10-27 10:53:15', 'chou', '2009-10-27 10:53:15', 'chou'),
(12, '2', 40, 300000, '', '2009-10-27 10:53:15', 'chou', '2009-10-27 10:53:15', 'chou'),
(13, '2', 50, 500000, '', '2009-10-27 10:53:15', 'chou', '2009-10-27 10:53:15', 'chou');

TRUNCATE TABLE `point_mst`;
INSERT INTO `point_mst` (`point_id`,`title_id`,`server_id`,`point_name`,`point_start_date`,`point_end_date`,`point_status`,`point_amount`,`point_amount_act`,`created_date`,`created_user`, `last_update_date`,`last_update_user`) VALUES
(1, 1, 1, '   500 ポイント　　　【     500 円 】', '2009-10-10 12:30:21', '2015-10-10 12:30:21', '0', 500, 500, '2009-10-10 12:30:21', 'chou', '2009-10-10 12:30:21', 'chou'),
(2, 1, 1, ' 1,000 ポイント　　  【   1,000 円 】', '2009-10-10 12:30:21', '2015-10-10 12:30:21', '0', 1000, 1000, '2009-10-10 12:30:21', 'chou', '2009-10-10 12:30:21', 'chou'),
(3, 1, 1, ' 3,000 ポイント　　  【   3,000 円 】', '2009-10-10 12:30:21', '2015-10-10 12:30:21', '0', 3000, 3000, '2009-10-10 12:30:21', 'chou', '2009-10-10 12:30:21', 'chou'),
(4, 1, 1, ' 5,000 ポイント　　  【   5,000 円 】', '2009-10-10 12:30:21', '2015-10-10 12:30:21', '0', 5000, 5000, '2009-10-10 12:30:21', 'chou', '2009-10-10 12:30:21', 'chou'),
(5, 1, 1, '10,000 ポイント　　  【  10,000 円 】', '2009-10-10 12:30:21', '2015-10-10 12:30:21', '0', 10000, 10000, '2009-10-10 12:30:21', 'chou', '2009-10-10 12:30:21', 'chou');

TRUNCATE TABLE `settlement_mst`;
INSERT INTO `settlement_mst` (`settlement_code`,`settlement_name`,`icon_url`,`settlement_status`,`created_date`,`created_user`, `last_update_date`,`last_update_user`) VALUES
('bitcash', 'bitcash', 'images/charge_bitcash_small.gif', '1', '2009-10-10 12:30:21', 'chou', '2009-10-10 12:30:21', 'chou'),
('credit', 'credit', 'images/charge_credit.gif', '1', '2009-10-10 12:30:21', 'chou', '2009-10-10 12:30:21', 'chou'),
('edy', 'edy', 'images/charge_edy_small.gif', '1', '2009-10-10 12:30:21', 'chou', '2009-10-10 12:30:21', 'chou'),
('mobileEdy', 'mobileEdy', 'images/charge_edy_mobile_small.gif', '1', '2009-10-10 12:30:21', 'chou', '2009-10-10 12:30:21', 'chou'),
('netCash', 'netCash', 'images/charge_netcash_small.gif', '1', '2009-10-10 12:30:21', 'chou', '2009-10-10 12:30:21', 'chou'),
('webmoney', 'webmoney', 'images/charge_webmoney_small.gif', '1', '2009-10-10 12:30:21', 'chou', '2009-10-10 12:30:21', 'chou');

TRUNCATE TABLE `member_info`;
INSERT INTO `member_info` (`mem_num`, `mem_id`, `nick_name`, `mem_pwd`, `mem_kind_cd`, `mem_atbt_cd`, `mem_valid_yn_cd`, `question_cd`, `answer`, `mail_pc`, `mail_mobile`, `kanji_fname`, `kanji_lname`, `kana_fname`, `kana_lname`, `sex_cd`, `birth_ymd`, `divis_cd`, `occup_cd`, `city_name`, `building_name`, `tel_num`, `mailmag_req_cd`, `mailmag_obj_cd`, `note`, `entry_date`, `entry_ip`, `withdraw_date`, `withdraw_ip`, `last_update_date`, `last_update_ip`, `last_update_user`, `version_no`) VALUES
(0, 'Anonymous', 'Anonymous', 'nopass', '0', '1', '1', 1, 'nopass', 'nomail@nomail', NULL, NULL, NULL, NULL, NULL, NULL, NULL, NULL, NULL, NULL, NULL, NULL, '1', '1', NULL, '2009-11-01 10:00:00', '127.0.0.1', NULL, NULL, '2009-11-01 10:00:00', '127.0.0.1', '1', 1),
(1, 'Nologin', 'Nologin', 'nopass', '0', '1', '1', 1, 'nopass', 'nomail@nomail', NULL, NULL, NULL, NULL, NULL, NULL, NULL, NULL, NULL, NULL, NULL, NULL, '1', '1', NULL, '2009-11-01 10:00:00', '127.0.0.1', NULL, NULL, '2009-11-01 10:00:00', '127.0.0.1', '1', 1),
(2, 'Admin', 'Admin', 'nopass', '0', '1', '1', 1, 'nopass', 'nomail@nomail', NULL, NULL, NULL, NULL, NULL, NULL, NULL, NULL, NULL, NULL, NULL, NULL, '1', '1', NULL, '2009-11-01 10:00:00', '127.0.0.1', NULL, NULL, '2009-11-01 10:00:00', '127.0.0.1', '1', 1);

TRUNCATE TABLE `function_mst`;
INSERT INTO `function_mst` (`function_code`,`function_name`,`order_num`,`remarks`,`created_date`,`created_user`, `last_update_date`,`last_update_user`) VALUES
('100', '会員管理', 1, '', '2009-10-10 12:30:21', 'chou', '2009-10-10 12:30:21', 'chou'),
('200', '問合せ管理', 2, '', '2009-10-10 12:30:21', 'chou', '2009-10-10 12:30:21', 'chou'),
('300', '友達紹介管理', 3, '', '2009-10-10 12:30:21', 'chou', '2009-10-10 12:30:21', 'chou'),
('400', 'キャンペーン管理', 4, '', '2009-10-10 12:30:21', 'chou', '2009-10-10 12:30:21', 'chou'),
('500', 'サービスポイント管理', 5, '', '2009-10-10 12:30:21', 'chou', '2009-10-10 12:30:21', 'chou'),
('600', '売上げ集計', 6, '', '2009-10-10 12:30:21', 'chou', '2009-10-10 12:30:21', 'chou');

TRUNCATE TABLE `media_kind_mst`;
INSERT INTO `media_kind_mst` (`media_kind_num`, `media_kind_name`, `created_date`, `created_user`, `last_update_date`, `last_update_user`) VALUES
(1, 'ゲーム', '2009-11-06 15:47:36', 'chou', '2009-11-06 15:47:36', 'chou'),
(2, 'ＳＮＳ', '2009-11-06 15:47:36', 'chou', '2009-11-06 15:47:36', 'chou'),
(3, '動画', '2009-11-06 15:47:36', 'chou', '2009-11-06 15:47:36', 'chou'),
(4, 'アニメ', '2009-11-06 15:47:36', 'chou', '2009-11-06 15:47:36', 'chou'),
(5, 'ＩＴ情報', '2009-11-06 15:47:36', 'chou', '2009-11-06 15:47:36', 'chou'),
(6, '総合情報', '2009-11-06 15:47:36', 'chou', '2009-11-06 15:47:36', 'chou'),
(7, 'その他', '2009-11-06 15:47:36', 'chou', '2009-11-06 15:47:36', 'chou');

TRUNCATE TABLE `media_mst`;
INSERT INTO `media_mst` (`media_num`, `media_name`, `media_kind_num`, `manager_type`, `created_date`, `created_user`, `last_update_date`, `last_update_user`) VALUES
(1, 'ヤフー',6, '1', '2009-11-06 15:47:36', 'chou', '2009-11-06 15:47:36', 'chou'),
(2, 'goo',6, '1', '2009-11-06 15:47:36', 'chou', '2009-11-06 15:47:36', 'chou'),
(3, '4Gamer.net',1, '1', '2009-11-06 15:47:36', 'chou', '2009-11-06 15:47:36', 'chou'),
(4, '@nifty ゲーム',1, '1', '2009-11-06 15:47:36', 'chou', '2009-11-06 15:47:36', 'chou'),
(5, 'google',7, '1', '2009-11-06 15:47:36', 'chou', '2009-11-06 15:47:36', 'chou'),
(6, 'GAME Watch',6, '1', '2009-11-06 15:47:36', 'chou', '2009-11-06 15:47:36', 'chou'),
(7, 'Game*SPARK',6, '1', '2009-11-06 15:47:36', 'chou', '2009-11-06 15:47:36', 'chou');

TRUNCATE TABLE `advert_agency_mst`;
INSERT INTO `advert_agency_mst` (`advert_agency_num`, `advert_agency_name`, `advert_agency_type`, `created_date`, `created_user`, `last_update_date`, `last_update_user`) VALUES
(0, '代理店無し','1', '2009-11-06 15:47:36', 'chou', '2009-11-06 15:47:36', 'chou'),
(1, 'アクセストレード：株式会社インタースペース','3', '2009-11-06 15:47:36', 'chou', '2009-11-06 15:47:36', 'chou'),
(2, 'ジャネット：株式会社フルスピード','3', '2009-11-06 15:47:36', 'chou', '2009-11-06 15:47:36', 'chou'),
(3, 'サイバーエージェント','3', '2009-11-06 15:47:36', 'chou', '2009-11-06 15:47:36', 'chou');

TRUNCATE TABLE `advert_mst`;
INSERT INTO `advert_mst` (`advert_num`, `advert_name`, `advert_agency_num`, `media_num`, `pay_kind`, `advert_budget`, `advert_actual`, `start_date`, `end_date`, `title_id`, `remarks`, `created_date`, `created_user`, `last_update_date`, `last_update_user`) VALUES
(1, 'CBT募集', 1, 1, 4, null, null, '2009-11-06 15:47:36', '2010-11-06 15:47:36', 1, '', '2009-11-06 15:47:36', 'chou', '2009-11-06 15:47:36', 'chou'),
(2, 'OBTテスト', 0, 2, 8, null, null, '2009-11-06 15:47:36', '2010-11-06 15:47:36', 1, '', '2009-11-06 15:47:36', 'chou', '2009-11-06 15:47:36', 'chou'),
(3, '正式サービス開始', 2, 3, 16, null, null, '2009-11-06 15:47:36', '2010-11-06 15:47:36', 1, '', '2009-11-06 15:47:36', 'chou', '2009-11-06 15:47:36', 'chou');
